{"cameraMode":{"drawMode":0,"name":"Shaded","section":"Shading Mode"},"sceneLighting":false,"audioPlay":false,"sceneViewState":{"showFog":false,"showMaterialUpdate":false,"showSkybox":true,"showFlares":false,"showImageEffects":false,"showParticleSystems":false},"in2DMode":false,"pivot":{"x":47.70000076293945,"y":4.599999904632568,"z":94.4000015258789},"rotation":{"x":-0.029070090502500535,"y":0.9686112403869629,"z":-0.2052472084760666,"w":-0.13718916475772859},"size":3.3895320892333986,"orthographic":false}