{"cameraMode":{"drawMode":0,"name":"Shaded","section":"Shading Mode"},"sceneLighting":false,"audioPlay":false,"sceneViewState":{"showFog":false,"showMaterialUpdate":false,"showSkybox":true,"showFlares":false,"showImageEffects":false,"showParticleSystems":false},"in2DMode":false,"pivot":{"x":50.00616455078125,"y":6.5134077072143559,"z":109.34318542480469},"rotation":{"x":0.10492509603500366,"y":0.8921501636505127,"z":-0.3465456962585449,"w":0.2701200544834137},"size":3.8064990043640138,"orthographic":false}