{"cameraMode":{"drawMode":0,"name":"Shaded","section":"Shading Mode"},"sceneLighting":false,"audioPlay":false,"sceneViewState":{"showFog":false,"showMaterialUpdate":false,"showSkybox":true,"showFlares":false,"showImageEffects":false,"showParticleSystems":false},"in2DMode":false,"pivot":{"x":-0.01602800190448761,"y":-0.0005325004458427429,"z":0.4771045446395874},"rotation":{"x":-0.09744887053966522,"y":0.8502369523048401,"z":-0.16952963173389436,"w":-0.4887336790561676},"size":3.6311280727386476,"orthographic":false}