{"cameraMode":{"drawMode":0,"name":"Shaded","section":"Shading Mode"},"sceneLighting":false,"audioPlay":false,"sceneViewState":{"showFog":false,"showMaterialUpdate":false,"showSkybox":true,"showFlares":false,"showImageEffects":false,"showParticleSystems":false},"in2DMode":false,"pivot":{"x":0.597000002861023,"y":0.0006197579205036163,"z":-0.020003139972686769},"rotation":{"x":-0.09744887053966522,"y":0.8502369523048401,"z":-0.16952963173389436,"w":-0.4887336790561676},"size":1.137619972229004,"orthographic":false}