{"cameraMode":{"drawMode":0,"name":"Shaded","section":"Shading Mode"},"sceneLighting":false,"audioPlay":false,"sceneViewState":{"showFog":false,"showMaterialUpdate":false,"showSkybox":true,"showFlares":false,"showImageEffects":false,"showParticleSystems":false},"in2DMode":false,"pivot":{"x":47.70119094848633,"y":4.480619430541992,"z":96.3995590209961},"rotation":{"x":-0.03310076892375946,"y":0.9668639302253723,"z":-0.17475154995918275,"w":-0.1831406205892563},"size":4.950685024261475,"orthographic":false}