{"cameraMode":{"drawMode":0,"name":"Shaded","section":"Shading Mode"},"sceneLighting":true,"audioPlay":false,"sceneViewState":{"showFog":false,"showMaterialUpdate":false,"showSkybox":true,"showFlares":false,"showImageEffects":false,"showParticleSystems":false},"in2DMode":false,"pivot":{"x":47.775001525878909,"y":5.057499885559082,"z":95.40299987792969},"rotation":{"x":0.002025263151153922,"y":-0.995118260383606,"z":-0.020900605246424676,"w":-0.09643042087554932},"size":40.61489486694336,"orthographic":true}